{
  "users": [
    {
      "name": " admin",
      "password": "123",
      "full": "samsam",
      "email": "samsaam",
      "phone": "123",
      "id": 1
    },
    {
      "name": " sam",
      "password": "sam",
      "full": " sam",
      "email": " sam",
      "phone": " sam",
      "id": 2
    },
    {
      "name": " as",
      "password": "as",
      "full": " as",
      "email": " as",
      "phone": " as",
      "id": 3
    },
    {
      "name": " xz",
      "password": " zx",
      "full": " zx",
      "email": " zx",
      "phone": " zx",
      "id": 4
    }
  ]
}